{
    "loss": 1.9427776336669922,
    "accuracy": 0.868571400642395
}