{
    "loss": 15.59327220916748,
    "accuracy": 0.5467625856399536
}