{
    "loss": 10.010750770568848,
    "accuracy": 0.5035971403121948
}