{
    "loss": 0.03153681755065918,
    "accuracy": 0.9856114983558655
}