{
    "loss": 3.3184266090393066,
    "accuracy": 0.6166666746139526
}