{
    "loss": 6.714168071746826,
    "accuracy": 0.43666666746139526
}